{"cameraMode":{"drawMode":0,"name":"Shaded","section":"Shading Mode"},"sceneLighting":true,"audioPlay":false,"sceneViewState":{"showFog":true,"showMaterialUpdate":false,"showSkybox":true,"showFlares":true,"showImageEffects":true,"showParticleSystems":true,"showVisualEffectGraphs":true,"m_FxEnabled":true},"in2DMode":false,"pivot":{"x":11.698936462402344,"y":1.6723031997680665,"z":0.3819551467895508},"rotation":{"x":0.01125361304730177,"y":0.9655225276947022,"z":-0.2566526234149933,"w":0.04231610894203186},"size":10.904251098632813,"orthographic":false}